{"ifthenpayPaymentMethodSetup.css":"ifthenpayPaymentMethodSetup_1632147620417.css","mbwayPhoneInput.css":"mbwayPhoneInput_1632147620427.css","ifthenpayConfirmPage.css":"ifthenpayConfirmPage_1632147620434.css","checkoutPaymentOption.css":"checkoutPaymentOption_1632147620440.css","ifthenpayViewInvoice.css":"ifthenpayViewInvoice_1632147620446.css","adminConfigPage.js":"adminConfigPage_1632147620451.js","checkoutPage.js":"checkoutPage_1632147620462.js","invoiceViewPage.js":"invoiceViewPage_1632147620474.js","adminInvoicePage.js":"adminInvoicePage_1632147620487.js","mbwayCountdownConfirmPage.js":"mbwayCountdownConfirmPage_1632147620500.js","adminOrderAddPage.js":"adminOrderAddPage_1632147620512.js","addFundsPage.js":"addFundsPage_1632147620523.js"}